fecha,titulo,ubicacion,precio,precio_num,m2,ambientes,precio_m2,url
2026-06-20,,,,,,,,https://www.zonaprop.com.ar/propiedades/clasificado/alclapin-alquiler-departamento-2-ambientes-al-frente-super-58632465.html?n_src=Listado&n_pills=Luminoso&n_pg=1&n_pos=1
2026-06-20,,,,,,,,https://www.zonaprop.com.ar/propiedades/clasificado/alclapin-departamento-en-lumiere-puerto-madero-59104084.html?n_src=Listado&n_pills=Pileta&n_pg=1&n_pos=2
2026-06-20,,,,,,,,https://www.zonaprop.com.ar/propiedades/clasificado/alclapin-departamento-en-alquiler-2-ambientes-con-balcon-y-59316958.html?n_src=Listado&n_pills=Aire+acondicionado&n_pg=1&n_pos=3
2026-06-20,,,,,,,,https://www.zonaprop.com.ar/propiedades/clasificado/alclapin-alquiler-duplex-con-cochera-full-amenities!-59277312.html?n_src=Listado&n_pills=Lavadero&n_pg=1&n_pos=4
2026-06-20,,,,,,,,https://www.zonaprop.com.ar/propiedades/clasificado/alclapin-departamento-amoblado-en-alquiler-de-2-ambientes-en-58849397.html?n_src=Listado&n_pills=Aire+acondicionado&n_pg=1&n_pos=5
2026-06-20,,,,,,,,https://www.zonaprop.com.ar/propiedades/clasificado/alclapin-alquiler-departamento-dos-ambientes-a-estrenar.-full-59339326.html?n_src=Listado&n_pills=Aire+acondicionado&n_pg=1&n_pos=6
2026-06-20,,,,,,,,https://www.zonaprop.com.ar/propiedades/clasificado/alclapin-departamento-en-alquiler-mulieris-2-ambientes-con-59222867.html?n_src=Listado&n_pills=Luminoso&n_pg=1&n_pos=7
2026-06-20,,,,,,,,https://www.zonaprop.com.ar/propiedades/clasificado/alclapin-alquiler-2-amb-c-cochera-y-pileta-en-belbrano-r-59335540.html?n_src=Listado&n_pills=SUM&n_pg=1&n_pos=8
2026-06-20,,,,,,,,https://www.zonaprop.com.ar/propiedades/clasificado/alclapin-departamento-en-puerto-madero-59347194.html?n_src=Listado&n_pills=Parrilla&n_pg=1&n_pos=9
2026-06-20,,,,,,,,https://www.zonaprop.com.ar/propiedades/clasificado/alcllcin-local-reciclado-a-nuevo-en-ubicacion-clave-casi-58877499.html?n_src=Listado&n_pg=1&n_pos=10
2026-06-20,,,,,,,,https://www.zonaprop.com.ar/propiedades/clasificado/alclapin-torres-del-yacht-59224152.html?n_src=Listado&n_pills=Aire+acondicionado&n_pg=1&n_pos=11
2026-06-20,,,,,,,,https://www.zonaprop.com.ar/propiedades/clasificado/alclapin-departamento-en-alquiler-1-dormitorio-1-bano-48-m-59404533.html?n_src=Listado&n_pills=Luminoso&n_pg=1&n_pos=12
2026-06-20,,,,,,,,https://www.zonaprop.com.ar/propiedades/clasificado/alclapin-alquiler-belgrano-2-ambientes-con-cochera-y-amenitiess-59114354.html?n_src=Listado&n_pills=Permite+mascotas&n_pg=1&n_pos=13
2026-06-20,,,,,,,,https://www.zonaprop.com.ar/propiedades/clasificado/alclapin-2-ambientes-con-balcon-al-frente-y-contrafrente-59336381.html?n_src=Listado&n_pills=Laundry&n_pg=1&n_pos=14
2026-06-20,,,,,,,,https://www.zonaprop.com.ar/propiedades/clasificado/alclapin-alquiler-departamento-2-ambientes-san-nicolas-59378088.html?n_src=Listado&n_pills=Aire+acondicionado&n_pg=1&n_pos=15
2026-06-20,,,,,,,,https://www.zonaprop.com.ar/propiedades/clasificado/alclapin-alquiler-semipiso-departamento-de-2-ambientes-al-59181712.html?n_src=Listado&n_pills=Aire+acondicionado&n_pg=1&n_pos=16
2026-06-20,,,,,,,,https://www.zonaprop.com.ar/propiedades/clasificado/alclapin-exclusivo-y-amplio-2-ambientes-en-torres-de-yacht-58752756.html?n_src=Listado&n_pills=SUM&n_pg=1&n_pos=17
2026-06-20,,,,,,,,https://www.zonaprop.com.ar/propiedades/clasificado/alclapin-espectacular-2-ambientes-en-piso-alto.-muy-luminoso!-58632769.html?n_src=Listado&n_pills=Permite+mascotas&n_pg=1&n_pos=18
2026-06-20,,,,,,,,https://www.zonaprop.com.ar/propiedades/clasificado/alclapin-alquiler-de-departamento-2-ambientes-en-recoleta-59051953.html?n_src=Listado&n_pills=SUM&n_pg=1&n_pos=19
2026-06-20,,,,,,,,https://www.zonaprop.com.ar/propiedades/clasificado/alclapin-departamento-de-1-dormitorio-en-alquiler-en-caballito-57693480.html?n_src=Listado&n_pills=Parrilla&n_pg=1&n_pos=20
2026-06-20,,,,,,,,https://www.zonaprop.com.ar/propiedades/clasificado/alclapin-gran-departamento-en-alquiler-en-villa-crespo-58962189.html?n_src=Listado&n_pills=Aire+acondicionado&n_pg=1&n_pos=21
2026-06-20,,,,,,,,https://www.zonaprop.com.ar/propiedades/clasificado/alclapin-departamento-de-2-ambientes-en-alquiler-en-colegiales-59402136.html?n_src=Listado&n_pills=Terraza&n_pg=1&n_pos=22
2026-06-20,,,,,,,,https://www.zonaprop.com.ar/propiedades/clasificado/alclapin-departamento-en-once-59347131.html?n_src=Listado&n_pills=Permite+mascotas&n_pg=1&n_pos=23
2026-06-20,,,,,,,,https://www.zonaprop.com.ar/propiedades/clasificado/alclapin-alquiler-departamento-2-ambientes-puerto-madero-59341635.html?n_src=Listado&n_pills=Lavadero&n_pg=1&n_pos=24
2026-06-20,,,,,,,,https://www.zonaprop.com.ar/propiedades/clasificado/alclapin-departamento-de-2-ambientes-con-cochera-en-ba-houses-56874933.html?n_src=Listado&n_pills=Aire+acondicionado&n_pg=1&n_pos=25
2026-06-20,,,,,,,,https://www.zonaprop.com.ar/propiedades/clasificado/alclphin-departamento-ph-en-alquiler-en-villa-del-parque-59330766.html?n_src=Listado&n_pills=Aire+acondicionado&n_pg=1&n_pos=26
2026-06-20,,,,,,,,https://www.zonaprop.com.ar/propiedades/clasificado/alclapin-alquiler-departamento-con-muebles-torres-del-yacht-57894388.html?n_src=Listado&n_pills=Aire+acondicionado&n_pg=1&n_pos=27
2026-06-20,,,,,,,,https://www.zonaprop.com.ar/propiedades/clasificado/alclapin-puerto-madero-sls-lux-tower-departamento-en-59271871.html?n_src=Listado&n_pills=Permite+mascotas&n_pg=1&n_pos=28
2026-06-20,,,,,,,,https://www.zonaprop.com.ar/propiedades/clasificado/alclapin-departamento-en-alquiler-2-ambientes-palermo-full-59384303.html?n_src=Listado&n_pills=SUM&n_pg=1&n_pos=29
2026-06-20,,,,,,,,https://www.zonaprop.com.ar/propiedades/clasificado/alclapin-venta-oficina-2-ambientes-con-balcon-en-puerto-madero-58218785.html?n_src=Listado&n_pills=Encargado&n_pg=1&n_pos=30
